<?xml version="1.0" encoding="UTF-8"?>
<!DOCTYPE hibernate-reverse-engineering PUBLIC "-//Hibernate/Hibernate Reverse Engineering DTD 3.0//EN" "http://hibernate.sourceforge.net/hibernate-reverse-engineering-3.0.dtd" >

<hibernate-reverse-engineering>
	<table name="websites" catalog="mysql2019815"
		class="com.sat.entity.Websites">
		<primary-key>
			<generator class="native"></generator>
		</primary-key>
	</table>
<table name="student" catalog="mysql2019815"
	class="com.sat.entity.Student">
	<primary-key>
		<generator class="native"></generator>
	</primary-key>
</table>
</hibernate-reverse-engineering>