<?xml version="1.0" encoding="UTF-8" ?>
<!DOCTYPE struts PUBLIC "-//Apache Software Foundation//DTD Struts Configuration 2.1//EN" "http://struts.apache.org/dtds/struts-2.1.dtd">
<struts>
	<package name="px" extends="struts-default,json-default" namespace="/">
		<!-- 配置自定义拦截器 -->
		<interceptors>
			<!-- 引入拦截器类 -->
			<interceptor name="myinterceptor" class="com.yc123.interceptor.MyAbsInterceptor"></interceptor>
		
			<!-- 定义拦截器栈 -->
			<interceptor-stack name="myStack">
				<!-- 引入默认拦截器 和 自定义拦截器 -->
				<interceptor-ref name="defaultStack"></interceptor-ref>
				<interceptor-ref name="myinterceptor">
					<!-- 参数设置 -->
					<param name="excludeActionName">log_userLogin</param>				
				</interceptor-ref>
			</interceptor-stack>
		</interceptors>
		
		
		<!-- 启动拦截器 -->
		<default-interceptor-ref name="myStack"/>
		
		<!-- 登录action配置 -->
		<action name="log_*" class="com.yc123.action.LoginAction" method="{1}">
			<result name="success">/index.jsp</result>
			<result name="error">/login.jsp</result>
		</action>
		
		
		
		
		
		
	</package>
</struts>    
