<?xml version="1.0" encoding="UTF-8" ?>
<!DOCTYPE struts PUBLIC "-//Apache Software Foundation//DTD Struts Configuration 2.1//EN" "http://struts.apache.org/dtds/struts-2.1.dtd">
<struts>
	<package name="px" extends="struts-default,json-default" namespace="/abc">
		<!-- 配置自定义拦截器 -->
		<interceptors>
			<!-- 引入拦截器类 -->
			<interceptor name="myinterceptor" class="com.yc123.interceptor.MyAbsInterceptor"></interceptor>
			<interceptor name="mymethodinterceptor" class="com.yc123.interceptor.MyMethodInterceptor"></interceptor>
			
			<!-- 定义拦截器栈 -->
			<interceptor-stack name="myStack">
				<!-- 引入默认拦截器 和 自定义拦截器 -->
				<interceptor-ref name="defaultStack"></interceptor-ref>
				<interceptor-ref name="mymethodinterceptor">
					<!-- 拦截 不拦截的 方法指定 -->
					<param name="excludeMethods">query_*,show*</param>
					<param name="includeMethods">add_*,delete_*,save_*,update_*</param>
					<!-- 如果即没有指定includeMethods也没有指定excludeMethods的方法默认的时includeMethos方法 -->
				</interceptor-ref>
				<interceptor-ref name="myinterceptor">
					<!--参数设置 -->
					<param name="excludeActionName">log_userLogin</param>
				</interceptor-ref>
				
				<!-- 引入表单 重复提交阻止类 -->
				<interceptor-ref name="token">
					<param name="includeMethods">sv_*</param>
				</interceptor-ref>
				
			</interceptor-stack>
		</interceptors>
		
		
		<!-- 启动拦截器 -->
		<default-interceptor-ref name="myStack"/>
		
		<!-- 登录action配置 -->
		<action name="log_*" class="com.yc123.action.LoginAction" method="{1}">
			<result name="success">/index.jsp</result>
			<result name="error">/login.jsp</result>
			<result name="userList">/userList.jsp</result>
			
			<result name="invalid.token">/index.jsp</result>
			
			<!-- 数据验证 返回参数 -->
			<result name="input">/login.jsp</result>
			
		</action>
		<action name="user_*" class="com.yc123.action.UserInfoAction" method="{1}">
			<result name="success">/index.jsp</result>
		</action>
		
	</package>
</struts>
