<?xml version="1.0" encoding="UTF-8"?>
<faceted-project>
  <runtime name="com.genuitec.runtime.generic.jee70"/>
  <fixed facet="wst.jsdt.web"/>
  <fixed facet="jst.web"/>
  <fixed facet="java"/>
  <installed facet="java" version="1.7"/>
  <installed facet="jst.web" version="3.1"/>
  <installed facet="jst.web.jstl" version="1.2.2"/>
  <installed facet="wst.jsdt.web" version="1.0"/>
  <installed facet="me.spring" version="4.1"/>
  <installed facet="me.hibernate" version="4.1"/>
  <installed facet="web.struts2" version="2.1"/>
</faceted-project>
