<?xml version='1.0' encoding='UTF-8'?>
<!DOCTYPE hibernate-configuration PUBLIC
          "-//Hibernate/Hibernate Configuration DTD 3.0//EN"
          "http://www.hibernate.org/dtd/hibernate-configuration-3.0.dtd">
<!-- Generated by MyEclipse Hibernate Tools.                   -->
<hibernate-configuration>

    <session-factory>
        <property name="myeclipse.connection.profile">deDB</property>
        <property name="dialect">org.hibernate.dialect.MySQLDialect</property>
        <property name="connection.password">root</property>
        <property name="connection.username">root</property>
        <property name="connection.url">jdbc:mysql://127.0.0.1:3306/mysql2019815?userUnicode=true&characterEncoding=utf-8&serverTimezone=GMT%2B8</property>
        <property name="connection.driver_class">com.mysql.cj.jdbc.Driver</property>
    
    </session-factory>

</hibernate-configuration>