<?xml version='1.0' encoding='UTF-8'?>
<!DOCTYPE hibernate-configuration PUBLIC
          "-//Hibernate/Hibernate Configuration DTD 3.0//EN"
          "http://www.hibernate.org/dtd/hibernate-configuration-3.0.dtd">
<!-- Generated by MyEclipse Hibernate Tools.                   -->
<hibernate-configuration>

	<session-factory>

		<property name="myeclipse.connection.profile">deDB</property>
		<property name="dialect">
			org.hibernate.dialect.MySQLDialect
		</property>
		<property name="connection.password">root</property>
		<property name="connection.username">root</property>
		<property name="connection.url">
			jdbc:mysql://127.0.0.1:3306/mysql2019815?userUnicode=true&amp;characterEncoding=utf-8&amp;serverTimezone=GMT%2B8
		</property>
		<property name="connection.driver_class">
			com.mysql.cj.jdbc.Driver
		</property>
		<property name="show_sql">true</property>
		<property name="format_sql">true</property>
		

		<mapping resource="com/yc123/model/UserTable.hbm.xml" />
		<mapping resource="com/yc123/model/DindanTable.hbm.xml" />
		<mapping resource="com/yc123/model/JingdianTable.hbm.xml" />
		<mapping resource="com/yc123/model/XianluTable.hbm.xml" />
		<mapping
			resource="com/yc123/model/CompanyCustomerAccessories.hbm.xml" />
		<mapping resource="com/yc123/model/ContractReject.hbm.xml" />
		<mapping resource="./Role_authority.hbm.xml" />
		<mapping resource="./User.hbm.xml" />
		<mapping resource="./User_role.hbm.xml" />
		<mapping resource="com/yc123/model/ContractDetails.hbm.xml" />
		<mapping resource="com/yc123/model/FollowsRecord.hbm.xml" />
		<mapping resource="./Goods.hbm.xml" />
		<mapping resource="com/yc123/model/PotentialCustomer.hbm.xml" />
		<mapping resource="com/yc123/model/TCommonTypeGroup.hbm.xml" />
		<mapping resource="./Role.hbm.xml" />
		<mapping resource="./Customer_contract_accessories.hbm.xml" />
		<mapping resource="com/yc123/model/CompanyCustomer.hbm.xml" />
		<mapping resource="com/yc123/model/TAuthority.hbm.xml" />
		<mapping resource="com/yc123/model/OrderProcess.hbm.xml" />
		<mapping resource="./Common_type.hbm.xml" />
		<mapping resource="com/yc123/model/Contract.hbm.xml" />

	</session-factory>

</hibernate-configuration>