<?xml version="1.0" encoding="UTF-8"?>
<beans
	xmlns="http://www.springframework.org/schema/beans"
	xmlns:xsi="http://www.w3.org/2001/XMLSchema-instance"
	xmlns:p="http://www.springframework.org/schema/p"
	xsi:schemaLocation="http://www.springframework.org/schema/beans http://www.springframework.org/schema/beans/spring-beans-4.1.xsd">
	
	<bean id="kitty" class="com.yc123.spring.test_.impl.Cat">	
		<property name="call">
			<!-- 此处将另一个bean引用给call -->
			<!-- 注入！！ -->
			<ref bean="yellback" />
		</property>	
	</bean>

	<bean name="cat" class="com.yc123.spring.test_.impl.Cat">
		<property name="yell">
			<ref bean="yellback"/>
		</property>
		<property name="str">
			<value>str_value</value>
		</property>
	</bean>

	<bean name="type" class="com.yc123.spring.test_.impl.TypeTest">
		<property name="str">
			<value>str_value</value>
		</property>
		<property name="list">
			<list >
				<value>张靓颖</value>
				<value>张大千</value>
			</list>
		</property>
		<property name="set">
			<set >
				<value>蓝斯拉夫</value>
				<value>灵山大佛</value>
			</set>
		</property>
		<property name="map">
			<map>
				<entry key="用户名"><value>用户1号</value></entry>
				<entry key="用户密码"><value>dsh345</value></entry>			
			</map>
		</property>
		<property name="prop">
			<props>
				<prop key="账号">account</prop>
				<prop key="密码">vbguh346</prop>
			</props>
		</property>
	</bean>

	<bean id="yellback" class="com.yc123.spring.test_.impl.Yell">		
	</bean>



</beans>