<?xml version="1.0" encoding="utf-8"?>
<!DOCTYPE hibernate-mapping PUBLIC "-//Hibernate/Hibernate Mapping DTD 3.0//EN"
"http://www.hibernate.org/dtd/hibernate-mapping-3.0.dtd">
<!-- 
    Mapping file autogenerated by MyEclipse Persistence Tools
-->
<hibernate-mapping>
    <class name="com.yc123.entity.Deptinfo" table="deptinfo" catalog="depempdb">
        <id name="deptId" type="java.lang.Integer">
            <column name="deptId" />
            <generator class="native" />
        </id>
        <property name="deptName" type="java.lang.String">
            <column name="deptName" length="20" not-null="true" />
        </property>
        <property name="remark" type="java.lang.String">
            <column name="remark" length="500" />
        </property>
        <!-- inverse="true" 表示关联关系由多的一方维护;
        	 cascade="save-update/delete/all":表示级联操作,必要时使用一般慎用;
        	 order-by="empAge,empSal,...." 级联查询字表数据排序操作;
        -->
        <set name="empinfos" inverse="true" cascade="all">
            <key>
                <column name="deptId" />
            </key>
            <one-to-many class="com.yc123.entity.Empinfo" />
        </set>
    </class>
</hibernate-mapping>
