<?xml version="1.0" encoding="utf-8"?>
<!DOCTYPE hibernate-mapping PUBLIC "-//Hibernate/Hibernate Mapping DTD 3.0//EN"
"http://www.hibernate.org/dtd/hibernate-mapping-3.0.dtd">
<!-- 
    Mapping file autogenerated by MyEclipse Persistence Tools
-->
<hibernate-mapping>
    <class name="com.yc123.entity.Empinfo" table="empinfo" catalog="depempdb">
        <id name="empId" type="java.lang.Integer">
            <column name="empId" />
            <generator class="native" />
        </id>
        <!-- fetch="select" 关联查询 表示启用新的查询，join:表示直接使用链接查询  -->
        <many-to-one name="deptinfo" class="com.yc123.entity.Deptinfo" fetch="join">
            <column name="deptId" />
        </many-to-one>
        <property name="name" type="java.lang.String">
            <column name="name" length="20" not-null="true" />
        </property>
        <property name="sex" type="java.lang.String">
            <column name="sex" length="10" not-null="true" />
        </property>
        <property name="age" type="java.lang.Integer">
            <column name="age" not-null="true" />
        </property>
        <property name="salary" type="java.lang.Double">
            <column name="salary" precision="22" scale="0" not-null="true" />
        </property>
        <property name="address" type="java.lang.String">
            <column name="address" length="500" />
        </property>
    </class>
</hibernate-mapping>
