<?xml version="1.0" encoding="UTF-8" ?>
<!DOCTYPE struts PUBLIC "-//Apache Software Foundation//DTD Struts Configuration 2.1//EN" "http://struts.apache.org/dtds/struts-2.1.dtd">
<struts>
   <constant name="struts.devMode" value="true"/>
	<!-- 上传文件 常量设置 -->
	<constant name="struts.mulitipart.maxSize" value="40000000"></constant>
	

	<package name="upPK" extends="struts-default" namespace="/">
		
		<action name="fileUp_*" method="{1}" class="struts.UploadFileAction">
			<!-- 配置上传文件类型 -->
			<interceptor-ref name="fileUpload">
				<param name="allowedTypes">text/plain,image/ief,image/jpeg</param>
			</interceptor-ref>
			<interceptor-ref name="defaultStack"/>
			
			<result>/index.jsp</result>
			
			<result name="showFilePath">/index.jsp</result>
		</action>
		
		<!-- 下载文件配置 -->
		<action name="simpledownload" class="struts.UploadFileAction">
			<!-- <result name="success" type="stream">
				配置方法名称
				<param name="inputName">myfile</param>
				<param name="contentDisposition">attachment;filename=${dfName}</param>
				设置缓存区 大小
				<param name="bufferSize">1024</param>
				  <param name="contentType">application/octet-stream</param>
			</result> -->
			
			 <result type="stream">
			        <!--文件类型 -->
			        <param name="contentType">text/plain</param>
			        <!--指定文件名 -->
			        <param name="contentDisposition">
			            attachment;filename=${filename}
			        </param>
			        <!--输入流 -->
			        <param name="inputName">downloadFile</param>
			    </result>
		</action>
		
		
		
		
	</package>
</struts>    
