<?xml version='1.0' encoding='UTF-8'?>
<!DOCTYPE hibernate-configuration PUBLIC
          "-//Hibernate/Hibernate Configuration DTD 3.0//EN"
          "http://www.hibernate.org/dtd/hibernate-configuration-3.0.dtd">
<!-- Generated by MyEclipse Hibernate Tools.                   -->
<hibernate-configuration>

	<session-factory>
		<property name="myeclipse.connection.profile">deDB</property>
		<property name="dialect">
			org.hibernate.dialect.MySQLDialect
		</property>
		<property name="connection.password">root</property>
		<property name="connection.username">root</property>
		<property name="connection.url">
			jdbc:mysql://localhost:3306/depempdb?userUnicode=ture&amp;characterEncoding=utf-8&amp;serverTimezone=GMT%2B8&amp;useSSL=false
		</property>
		<property name="connection.driver_class">
			com.mysql.cj.jdbc.Driver
		</property>
		
		<!-- 显示SQL语句 -->
		<property name="show_sql">true</property>	
		<property name="format_sql">true</property>	
		<!-- 自定提交 -->
		<property name="connection.autocommit">true</property>
		
		<mapping resource="com/yc123/entity/Deptinfo.hbm.xml" />
		<mapping resource="com/yc123/entity/Empinfo.hbm.xml" />
		<mapping resource="com/yc123/entity/Userinfo.hbm.xml" />

	</session-factory>

</hibernate-configuration>