<?xml version="1.0" encoding="utf-8"?>
<!DOCTYPE hibernate-mapping PUBLIC "-//Hibernate/Hibernate Mapping DTD 3.0//EN"
"http://www.hibernate.org/dtd/hibernate-mapping-3.0.dtd">
<!-- 
    Mapping file autogenerated by MyEclipse Persistence Tools
-->
<hibernate-mapping>
	<!-- 实体类包的位置移动后，必须修改此处实体类的路径 -->
    <class name="com.myssh01.entity.Goods" table="goods" catalog="sct_crm">
        <id name="rid" type="java.lang.Integer">
            <column name="RID" />
            <generator class="native"></generator>
        </id>
        <property name="goodsName" type="java.lang.String">
            <column name="GOODS_NAME" length="50" />
        </property>
        <property name="price" type="java.lang.Float">
            <column name="PRICE" precision="12" scale="0" />
        </property>
        <property name="remarks" type="java.lang.String">
            <column name="REMARKS" length="250" />
        </property>
    </class>
</hibernate-mapping>
