<?xml version="1.0" encoding="utf-8"?>
<!DOCTYPE hibernate-mapping PUBLIC "-//Hibernate/Hibernate Mapping DTD 3.0//EN"
"http://www.hibernate.org/dtd/hibernate-mapping-3.0.dtd">
<!-- 
    Mapping file autogenerated by MyEclipse Persistence Tools
-->
<hibernate-mapping>
    <class name="com.myssh01.entity.User" table="t_user" catalog="sct_crm">
        <id name="rid" type="java.lang.Integer">
            <column name="RID" />
            <generator class="native"></generator>
        </id>
        <property name="loginName" type="java.lang.String">
            <column name="LOGIN_NAME" length="50" not-null="true">
                <comment>登录账号</comment>
            </column>
        </property>
        <property name="password" type="java.lang.String">
            <column name="PASSWORD" length="50" not-null="true">
                <comment>登录密码</comment>
            </column>
        </property>
        <property name="UName" type="java.lang.String">
            <column name="U_NAME" length="50">
                <comment>姓名</comment>
            </column>
        </property>
        <property name="UPost" type="java.lang.String">
            <column name="U_POST" length="50">
                <comment>职务</comment>
            </column>
        </property>
        <property name="UPhone" type="java.lang.String">
            <column name="U_PHONE" length="50">
                <comment>联系电话</comment>
            </column>
        </property>
        <property name="UParentId" type="java.lang.Integer">
            <column name="U_PARENT_ID" />
        </property>
        <property name="UStorageId" type="java.lang.Integer">
            <column name="U_STORAGE_ID" not-null="true">
                <comment>部门ID</comment>
            </column>
        </property>
        <property name="status" type="java.lang.Integer">
            <column name="STATUS" not-null="true">
                <comment>状态</comment>
            </column>
        </property>
        <property name="createTime" type="java.sql.Timestamp">
            <column name="CREATE_TIME" length="26">
                <comment>创建日期</comment>
            </column>
        </property>
        <property name="URemark" type="java.lang.String">
            <column name="U_REMARK" length="100">
                <comment>备注</comment>
            </column>
        </property>
    </class>
</hibernate-mapping>
