<?xml version="1.0" encoding="UTF-8"?>
	<!-- 下面需要引入aop标签 -->
<beans
	xmlns="http://www.springframework.org/schema/beans"
	xmlns:xsi="http://www.w3.org/2001/XMLSchema-instance"
	xmlns:p="http://www.springframework.org/schema/p"	
	xmlns:aop="http://www.springframework.org/schema/aop"
	xsi:schemaLocation="http://www.springframework.org/schema/beans 
	http://www.springframework.org/schema/beans/spring-beans-4.1.xsd 
	http://www.springframework.org/schema/tx 
	http://www.springframework.org/schema/tx/spring-tx.xsd 
	http://www.springframework.org/schema/aop 
	http://www.springframework.org/schema/aop/spring-aop.xsd" 
	xmlns:tx="http://www.springframework.org/schema/tx">

	<!-- 数据库连接配置信息 -->
	<bean id="dataSource"
		class="org.apache.commons.dbcp.BasicDataSource">
		
		<!-- 引入驱动连接，否则会报一个错 -->
		<property name="driverClassName" value="com.mysql.jdbc.Driver"></property> 
		
		<property name="url"
			value="jdbc:mysql://127.0.0.1:3306/mysql2019815?userUnicode=true&amp;characterEncoding=utf-8&amp;serverTimezone=GMT%2B8">
		</property>
		<property name="username" value="root"></property>
		<property name="password" value="root"></property>
	</bean>
	
	<bean id="sessionFactory"
		class="org.springframework.orm.hibernate4.LocalSessionFactoryBean">
		<!-- 引入数据库连接信息 -->
		<property name="dataSource">
			<ref bean="dataSource" />
		</property>
		<property name="hibernateProperties">
			<props>
				<!-- 方言，用于数据库版本切换 -->
				<prop key="hibernate.dialect">
					org.hibernate.dialect.MySQLDialect
				</prop>				
				<!-- 修改实体后自动将对象映射到数据库中 -->
				<prop key="hibernate.hbm2ddl.auto">update</prop>
				<!-- 显示hql语句 -->
				<prop key="hibernate.show_sql">true</prop>
				<!-- 格式化 -->
				<prop key="hibernate.format_sql">true</prop>				
			</props>
		</property>
		<!-- hibernate实体类映射文件配置 -->
		<property name="mappingResources">
			<list>
				<!-- hibernate映射文件位置修改之后，必须修改此处的路径 -->
				<value>com/myssh01/entity/User.hbm.xml</value>
				<value>com/myssh01/entity/Goods.hbm.xml</value></list>
		</property>
	</bean>
		
		<!-- 配置事物 -->
	<bean id="transactionManager"
		class="org.springframework.orm.hibernate4.HibernateTransactionManager">
		<property name="sessionFactory" ref="sessionFactory" />
	</bean>
	
	<!-- 配置传播特性 隔离级别 -->
	<tx:advice id="ta" transaction-manager="transactionManager">
		<tx:attributes>
			<tx:method name="add*" propagation="REQUIRED" isolation="READ_COMMITTED"/>
			<tx:method name="update*" propagation="REQUIRED" isolation="READ_COMMITTED"/>
			<tx:method name="delete*" propagation="REQUIRED" isolation="READ_COMMITTED"/>
			
			<tx:method name="query*" propagation="SUPPORTS" isolation="DEFAULT" read-only="true"/>
		</tx:attributes>
	</tx:advice>
	
	<!-- 引入切面操作 -->
	<aop:config proxy-target-class="true">
		<aop:pointcut expression="execution(* com.myssh01.dao.*.*(..))" id="pc"/>
		<aop:advisor advice-ref="ta" pointcut-ref="pc"/>
	</aop:config>
	
	<!-- spring容器 管理程序 对象  开始....-->
	<bean id="uDao" class="com.myssh01.dao.impl.UserDao">
		<property name="sessionFactory" ref="sessionFactory"></property>
	</bean>
	
	<!-- 关联service -->
	<bean id="uService" class="com.myssh01.service.impl.UserServiceImpl">
		<!-- iuser为userServiceImpl中的一个私有属性:IUser iuser;引入uDao，即UserDao类 -->
		<property name="iuser" ref="uDao"></property>
	</bean>
	
	<!-- 关联action -->
	<bean id="uaction" class="com.myssh01.action.UserAction">
		<!-- 给action引入业务逻辑，此处的userService为action中的一个私有属性 -->
		<property name="userService" ref="uService"></property>
	</bean>
	<!-- spring容器管理程序对象结束....-->
	
	
	
	<tx:annotation-driven transaction-manager="transactionManager" />
	
</beans>