<?xml version="1.0" encoding="UTF-8" ?>
<!DOCTYPE struts PUBLIC "-//Apache Software Foundation//DTD Struts Configuration 2.1//EN" "http://struts.apache.org/dtds/struts-2.1.dtd">
<struts>

	<!-- 将struts框架 交给spring管理 -->
	<constant name="struts.objectFactory" value="spring"></constant>
	<package name="pk" namespace="/" extends="struts-default">
		<action name="user_*" class="uaction" method="{1}">
		
			<result>/main.jsp</result>
			<result name="error">/error.jsp</result>
		</action>
	</package>

</struts>    
