<?xml version="1.0" encoding="UTF-8" ?>
<!DOCTYPE struts PUBLIC "-//Apache Software Foundation//DTD Struts Configuration 2.1//EN" "http://struts.apache.org/dtds/struts-2.1.dtd">
<struts>
	<package name="pk" extends="struts-default,json-default"  namespace="/">
		<action name="login" class="com.yc123.action.LoginAction">
			
			<!-- 跳转页面 -->
			<result name="success">/success.jsp</result>
			<!-- <result name="ok">/main.jsp</result> -->
		</action>
		
		<!-- 使用统配符 拼接访问方法 -->
		<action name="login_*" class="com.yc123.action.LoginAction" method="{1}">
			<!-- 
				type="dispatcher" 默认界面跳转方式，可以 传递请求参数，地址栏不会改变
					  redirect 外部跳转 地址栏 发送改变，不能携带请求参数
					  
					  redirectAction 外部跳转到action中，不能携带参数；
					  
					  chain:内部跳转到action中，将多个action链接起来，使用同一个http请求，
						共享同一个ActionContext 可以传递参数；
			 -->
			
			<result name="exist" type="dispatcher">/index.jsp</result>
			
			<result name="ok" type="redirectAction">user_userList.action</result>
			
			<result name="updateUser" type="redirect">user_editUser.action?userId=${upUserId}</result>
			
			<!-- <result name="" type="redirectAction">
				<param name="actionName">user_editUser.action</param>
				<param name="userId">${upUserId}</param>
			</result> -->
			
			<result name="logForUser" type="chain">user_addUser</result>
		</action>
		
		<!-- 用户action -->
		<action name="user_*" class="com.yc123.action.UserAction" method="{1}" >
			<result name="userList">/userlist.jsp</result>
			<result name="editUser">/editUser.jsp</result>
			<result name="addUser">/editUser.jsp</result>
		</action>
	</package>
</struts>    
